ID DEL CONTRATO	FECHA DE LA FIRMA	DNI	NOMBRE	DIRECCION	CIUDAD	CELULAR	CARACTERISTICAS	COLOR	CHASIS	MOTOR	PLACA	INICIAL	VALOR	TIPO DE CONTRATO	FECHA DE COMIENZO	FECHA DE VENCIMIENTO	VENDEDOR	CONDICION	DURACIÓN DEL CONTRATO (MESES)	CUOTA POR MES	% DE MORA	MORA PASANDO LOS 3 DIAS SE APLICA	TOTAL MONTO A PAGAR CON MORA	CUOTA 1	FECHA EN LA QUE PAGO EL CLIENTE	GPS	MORA	DEUDAS PENDIENTES	Cuota 2	FECHA EN LA QUE PAGO EL CLIENTE	MORA	GPS	DEUDAS PENDIENTES	Cuota 3	FECHA EN LA QUE PAGO EL CLIENTE	MORA	GPS	DEUDAS PENDIENTES	Cuota 4	FECHA EN LA QUE PAGO EL CLIENTE	MORA	GPS	DEUDAS PENDIENTES	Cuota 5	FECHA EN LA QUE PAGO EL CLIENTE	MORA	GPS	MAS DEDUDAS PENDIENTES
Feb-001-2026	27-02-2026	74929915	FLAVIO AUGUSTO CALUA BAUTISTA	Calle Francisco Moreno 628 DPT.D Cercado de Surquillo - Lima	LIMA	968 656 837	HYUMDAI - GRAND  i10 HB COMFORT GLP	Plata	MALB251AATM698291	G3LASM525803	EN TRÁMITE	S/.10,000.00	S/.48,840.00	COMPRAVENTA	27-03-2026	27-02-2029	LITMAN QUISPE	EMPRESA	36	S/.2,129.10	10%	S/.213.91	S/.2,342.01	S/.2,129.10	29-03-2026	S/.10.00	-	NULL	S/.2,129.10	28-04-2026		S/.10.00	NULL					
Feb-002-2026	26-02-2026	76477981	KARLA BRIGITTE MARTINEZ MAGALLANES	CL. Unión Puerta 104 Chacarita Sunampe	CHINCHA	958 120 436	TVS - DELUXE KING CLASICA	Rojo	MD6M14LAXT4AA7164	AK4AT41B9027	EN TRÁMITE	S/.3,000.00	S/.17,000.00	COMPRAVENTA	26-03-2026	26-02-2028	NULL	EMPRESA	24	S/.1,016.58	10%	S/.102.66	S/. 1,118.24	S/.1,017.00	25-03-2026	S/.10.00		NULL	S/.1,016.60	25-04-2026		S/.10.00	NULL					
Feb-003-2026	26-02-2026	43809425	MAURO ARIAS SOSA	AH. Constanza mendoza MZ 1 LT ( Por fundo Amarillo espalda de estadio de grocio prado	CHINCHA	907 655 084	SSENDA - DURO 150	Negro - Rojo	LPPFCKLS9T2000021	SSD162FMJT2000021	EN TRÁMITE	S/.1,710.00	S/.5,700.00	COMPRAVENTA	26-03-2026	26-02-2027	Carolina Infante	EMPRESA	12	S/.450.69	10%	S/.46.07	S/.496.76	S/.451.00	26-03-2026	S/.10.00		NULL	S/.450.70	24-04-2026		S/.10.00	NULL					
Feb-004-2026	23-02-2026	41605673	ROSA CIPRIAN CUADROS	Urbanización los parques MZ B Lote 24 Chincha Baja	CHINCHA	972 456 806	GEELY - COOLRAY EXCLUSIVE 1.5 CVT / GLP	Gris	LB3SX2036TX802757	BHE15AFDS7GA0713688	EN TRÁMITE	S/.20,412.90	S/.68,043.00	COMPRAVENTA	23-03-2026	23-02-2029	NULL	EMPRESA	36	S/.2,610.95	10%	S/.262.10	S/.2,873.05	S/.2,610.00	23-03-2026	S/.10.00		NULL	S/.2,611.00	23-04-2026		S/.10.00	NULL					
Feb-005-2026	19-02-2026	46126929	ABRAHAM COAQUIRA BASALDUA	AV.los libertadores N°1011	CHINCHA	926 047 589	BAJA RE AUTORIKSHA TORITO 4T LPG R	Verde	MD2A45AX3TWG00530	AZXWSG73419	EN TRÁMITE	S/.4,000.00	S/.21,444.00	COMPRAVENTA	19-03-2026	19-08-2027	LIZ MARTINEZ	EMPRESA	18	S/.1,494.62	10%	S/.150.46	S/.1,645.08	S/.1,495.00	19-03-2026	S/.10.00		NULL	S/.1,494.70	19-04-2026		POR PAGAR LOS S/.10.00	S/.0.30					
Feb-006-2026	18-02-2026	77391973	JORDANO ALI MAC GUIRRE ORMEÑO	Urb.Virgen del carmen Mz E LT02	CHINCHA	989 022 244	GEELY - STARRAY	Azul	LB3FX1S71TB007401	BHE15EFZS5B00018433	EN TRÁMITE	S/.31,512.90	S/.105,043.00	COMPRAVENTA	18-03-2026	18-02-2030	MARTHA CORDOVA	EMPRESA	48	S/.3,622.11	10%	S/.363.21	S/.3,985.32					
Feb-007-2026	14-02-2026	21871258	ABURTO SANTIAGO EDWIN WALDITRADIS	AA.HH.Miguel Grau MZ.C lt.8 - Pueblo Nuevo	CHINCHA	935 616 900	KIA - PICANTO LX ONE GLP	Negro	KNAB2511ATT355970	G3LASP021711	Y2J-576	S/.10,000.00	S/.43,993.00	COMPRAVENTA	14-03-2026	14-05-2026	LITMAN QUISPE	EMPRESA	3	S/.12,310.15	10%	S/.1,232.02	S/.13,542.17					
Feb-008-2026	12-02-2026	40712273	CESAR ALBERTO ALARCON ZAVALETA	Mzna p Nro LOTE 07 Sin Barrio URB.Los Medanos - Subtanjalla-ica	ICA	961 316 730	BAJAJ AUTORIKSHA 2T LPG DUAL	Rojo	MD2A49AX8TWE00153	24XWSE26502	EN TRÁMITE	S/.3,000.00	S/.14,090.00	COMPRAVENTA	12-03-2026	12-02-2028	NULL	EMPRESA	24	S/.805,28	10%	#VALUE!	S/.885.81	S/.805.30	18-03-2026	S/.10.00	S/.81.50	NULL	S/.805.30	20-04-2026	S/.81.50	S/.10.00	NULL					
Feb-009-2026	18-02-2026	74999342	JOSE MANUEL ARTUNDUAGA REBAZA	Urb. San Joaquin MZNA X2 - Lote No 20	ICA	976 103 055	BAJAJ RE AUTORIKSHA TORITO 2T LPG	Rojo	MD2A49AX2TWD60037	24XWSD25876	EN TRÁMITE	S/.3,000.00	S/.14,090.00	COMPRAVENTA	18-03-2026	18-02-2028	LORENA PEREZ	EMPRESA	24	S/.805,28	10%	#VALUE!	S/.885.81					
Feb-010-2026	14-02-2026	45954203	JUAN MANUEL AVALOS DIAZ	Francisco felix / PSJE Almeyda Sector 2 Mz P LT 12	CHINCHA	960 683 026	BAJAJ RE AUTORIKSHA TORITO 4T	Rojo	MD2A45AX5SWL11791	AZXWSL77090	2162-AY	S/.3,000.00	S/.14,500.00	COMPRAVENTA	14-03-2026	14-02-2027	MARTHA CORDOVA	EMPRESA	12	S/.1,298.97	10%	S/.130.90	S/.1,429.87	S/.1,298.97	10-03-2026	S/.10.00		NULL	S/.1,298.97	09-04-2026		S/.10.00	NULL					
Feb-011-2026	09-02-2026	43090872	GLADYS BETEL BARRIENTOS QUISPE	Calle iquitos N°101-San clemente	PISCO	968 830 275	HYUNDAI GRAND i10	Rojo	MALB251AATM676127	G3LASM464914	EN TRÁMITE	S/.10,000.00	S/.48,840.00	COMPRAVENTA	09-03-2026	09-02-2028	LIZ MARTINEZ	EMPRESA	24	S/.2,616.03	10%	S/.262.60	S/.2,878.63	S/.2,617.00	06-03-2026	S/.10.00		NULL	S/.2,617.00	08-04-2026		S/.10.00	NULL	S/.2,617.00	06-05-2026		S/.10.00	NULL					
Feb-012-2026	28-02-2026	70856736	BRAAM ANTONY MUÑOZ HUAMAN	Comunidad Ccanis baja S/N	AYACUCHO	955 283 341	BAJAJ RE AUTORIKSHA TORITO 4TR	Azul	MD2A25AX0TWC00351	AZXWSC45639	EN TRÁMITE	-	S/.16,700.00	COMPRAVENTA	28-03-2026	28-05-2028	YANET CUBA	EMPRESA	27	S/.1,182.11	10%	S/.119.21	S/.1,301.32	S/.1,172.20	28-03-2026	S/.10.00		NULL					
Feb-013-2026	13-02-2026	46108887	BRITO SEGUNDO EGNER	AA.HH el mirador MZNA D LT 05	ICA	957 063 615	BAJAJ RE AUTORIKSHA TORITO 2T LPG	Verde	MD2A49AX5TWE00188	24XWSE26482	EN TRÁMITE	S/.3,000.00	S/.15,034.00	COMPRAVENTA	13-03-2026	13-02-2028	KARINA VENTURA	EMPRESA	24	S/.873.83	10%	S/.88.38	S/.962.21	S/.874.00	14-03-2026	S/.10.00		NULL	S/.873.88	13-04-2026		S/.10.00	NULL	S/.285.35	13-04-2026		POR PAGAR S/.10.00	S/.588.53					
Feb-014-2026	17-02-2026	71110618	CARMEN ROCIO CACERES ARMACANQUI	Pasaje Santa , Puerta 15	ICA	917 077 909	HYUNDAI GRAND i10	Blanco	M4LB251AATM681551	G3LASM481359	EN TRÁMITE	S/.10,000.00	S/.47,520.00	COMPRAVENTA	17-03-2026	17-02-2030	KARINA VENTURA	EMPRESA	48	S/.1,999.25	10%	S/.200.93	S/.2,200.18	S/.1,999.25	18-03-2026	S/.10.00		NULL	S/.1,999.25	21-04-2026	POR PAGAR S/.200.93	S/.10.00	NULL					
Feb-015-2026	04-02-2026	77690811	CARBAJAL GARAY LUIS JOSUE	C.P San Pedro MZ.Lote 04	CHINCHA	970 725 581	LIFAN LF125-5l	Rojo	LF3PCJ5L1RB000381	157FMI4R1025271	EN TRÁMITE	S/.1,600.00	S/.5,300.00	COMPRAVENTA	04-03-2026	04-08-2027	FABIOLA CARDENAS	EMPRESA	18	S/.317,02	10%	#VALUE!	S/.348.722	S/.317.00	07-04-2026	S/.10.00		NULL	s/80 nota rec 06/04	NULL					
Feb-016-2026	18-02-2026	43489179	RENZO MARIANO CARO ZAPATA	Avda Miguel Grau Nro. Puerta 157 CP	ICA	912 508 426	BAJAJ AUTORIKSHA 2T LPG DUAL	Rojo	MD2A49AX4TWE00165	24XWSE26420	EN TRÁMITE	S/.3,000.00	S/.14,090.00	COMPRAVENTA	17-03-2026	17-02-2027	KARINA VENTURA	EMPRESA	12	S/.1,252.66	10%	S/.126.27	S/.1,378.93	S/.1,253.00	10-03-2026	S/.10.00		NULL					
Feb-017-2026	27-02-2026	76309859	CRISTOFER ALEXANDER SIGUAS SANABRIA	CP. Camino a los reyes Nro. Perta 294	ICA	963 889 086	KTM RC200	Negra	VBKJYC409RN014986	R93649098	EN TRÁMITE	S/.5,970.00	S/.19,900.00	COMPRAVENTA	20-03-2026	20-02-2027	KARINA VENTURA	EMPRESA	12	S/.1,573.45	10%	S/.158.35	S/.1,731.80	S/.1,574.00	28-03-2026	S/.10.00	POR PAGAR MORA S/.158.35	NULL	S/.1,573.45	28-04-2026	POR PAGAR MORA 158.35	S/.10.00	NULL					
Feb-018-2026	07-02-2026	42349901	MIGUEL ANGEL FERNANDEZ HERRERA	Jr. Lima #499 - Pueblo Nuevo	CHINCHA	902 584 335	TVS KING L DMX DP IT - GLPT	Azul	MD6M1LLH8T4AA4030	AL4AT41A8370	EN TRÁMITE	S/.3,000.00	S/.19,400.00	COMPRAVENTA	07-03-2026	07-08-2027	Carolina Infante	EMPRESA	18	S/.1,405.17	10%	S/.141.52	S/.1,546.69	S/.1,405.20	06-03-2026	S/.10.00		NULL	S/.1,405.20	06-04-2026		S/.10.00	NULL	S/.1,405.20	06-05-2026		S/.10.00	NULL					
Feb-019-2026	27-02-2026	47485795	FERNANDEZ VEGA ROXANA	El huarango Tierra prometida Mzna G LT05	ICA	985 226 840	BAJAJ RE AUTORIKSHA TORITO 2T LPG	Negro	MD2A49AX2TWG60029	24XWG26985	EN TRÁMITE	S/.3,000.00	S/.14,090.00	COMPRAVENTA	27-03-2026	27-02-2027	KARINA VENTURA	EMPRESA	12	S/.1,252.66	10%	S/.126.27	S/.1,378.93	S/.1,253.00	26-03-2026	POR PAGAR S/.10.00		NULL					
Feb-020-2026	21-02-2026	21861713	GARCIA CANTO GLORIA ISABEL	Calle el carmen 117 cruz blanca	CHINCHA	942 130 236	TVS KING LS	Azul	MD6M14LA7T4AA7218	AK4AT46B9105	EN TRÁMITE	S/.3,000.00	S/.17,000.00	COMPRAVENTA	21-03-2026	21-02-2028	LITMAN QUISPE	EMPRESA	24	S/.1,016.58	10%	S/.102.66	S/.1,119.24	S/.1,016.60	21-04-2026	S/.10.00	S/.102.70	NULL					
Feb-021-2026	10-02-2026	43051064	HERNANDEZ YAURI NEFTALI CARLOS	AA.HH Sta Rosa de lima Mzna F Puerta 29	ICA	927 876 977	BAJAJ RE AUTORIKSHA TORITO 2T LPG	Azul	MD2A49AX9TWE00114	24XWSE26488	EN TRÁMITE	S/.3,000.00	S/.14,090.00	COMPRAVENTA	10-03-2026	10-02-2028	KARINA VENTURA	EMPRESA	24	S/.805.28	10%	S/.81.53	S/.886.81	S/.805.00	15-03-2026	POR PAGAR S/.10.00	POR PAGAR MORA S/.81.53	NULL					
Feb-022-2026	13-02-2026	74470929	JUNIOR ALEXANDER HUALLANCA MUNAYCO	Urb Los viñedos Mz J1 LT 06	CHINCHA	902 204 924	JCH NK200	Negro - Rojo	LFEPCMLA9S4702629	AM163FML25702629	EN TRÁMITE	S/.2,130.00	S/.7,100.00	COMPRAVENTA	13-03-2026	13-08-2027	Carolina Infante	EMPRESA	18	S/.425.83	10%	S/.43.58	S/.469.41	S/.425.83	13-03-2026	S/.10.00		NULL	S/.425.83	13-04-2026		S/.10.00	NULL					
Feb-023-2026	02-02-2026	70910087	HUAMAN ESCOBAR NOEMI	A.H Divino Niño Jesus Mz B LT08	ICA	947 507 788	BAJAJ RE AUTORIKSHA TORITO 2T LPG	Rojo	MD2A49AX0TWD60019	24XWSC25505	EN TRÁMITE	S/.6,900.00	S/.14,900.00	COMPRAVENTA	02-03-2026	02-02-2027	KARINA VENTURA	EMPRESA	12	S/.812.14	10%	S/.82.21	S/.894.35	S/.812.00	03-03-2026	S/.10.00		S/.0.14	S/.812.00	02-04-2026		POR PAGAR S/.10.00	S/.0.14	S/.812.00	04-05-2026		POR PAGAR S/.10.00	NULL					
Feb-024-2026	06-02-2026	70156816	LEVANO DE LA CRUZ JUAN CARLOS	Upis 08 de octubre Mz C LT 37	CHINCHA	934 572 787	BAJAJ RE AUTORIKSHA TORITO 4T GLP	Verde	MD2A45AX7TWG00532	AZXWSG71587	EN TRÁMITE	S/.3,000.00	S/.21,444.00	COMPRAVENTA	06-03-2026	06-08-2027	LIZ MARTINEZ	EMPRESA	18	S/.1,580.30	10%	S/.159.03	S/.1,739.33	S/.1,580.30	06-03-2026	S/.10.00		NULL	S/.1,580.30	08-04-2026		S/.10.00	NULL	S/.1,580.30	06-05-2026		S/.10.00	NULL					
Feb-025-2026	28-02-2026	71551495	LUIS ANGEL YAURICASA TORRES	Mzna d Nro. Lote 30 A.H Santa Rosa de lima - Tierra prometida	ICA	913 808 142	BAJAJ AUTORIKSHA 2T LPG DUAL	Rojo	MD2A49AX3SWH00178	24XWRH23493	EN TRÁMITE	S/.3,000.00	S/.9,600.00	COMPRAVENTA	28-03-2026	28-08-2027	KARINA VENTURA	EMPRESA	18	S/.565.50	10%	S/.57.55	S/.623.05	S/.565.49	28-03-2026	S/.10.00		NULL	S/.565.49	28-04-2026		S/.10.00	NULL					
Feb-026-2026	10-02-2026	47332564	MAGDA PATRICIA TASAYCO DE LA CRUZ	Av progreso psje tasayco balcon Mz F1 LT 47	CHINCHA	961 536 948	WANXIN WX 330 - 8K	Azul	LW8HDNZ19SWOO1076	WX176MN2S024222	EN TRÁMITE	S/.4,380.00	S/.14,600.00	COMPRAVENTA	10-03-2026	10-08-2027	MARTHA CORDOVA	EMPRESA	18	S/.875.66	10%	S/.88.57	S/.964.23	S/.875.66	10-03-2026	S/.10.00		NULL	S/.875.66	10-04-2026		S/.10.00	NULL	S/.875.70	11-05-2026		S/.10.00	NULL					
Feb-027-2026	18-02-2026	75843735	NOLAZCO NAPA LUIS ALEJANDRO	Av. 28 de julio N° 204 INT.02	CHINCHA	990 133 225	HYUNDAI GRAND i10 CONFORT/GLP	Azul	MALB251AATM696463	G3LASM523395	EN TRÁMITE	S/.10,000.00	S/.48,840.00	COMPRAVENTA	18-03-2026	18-02-2029	FABIOLA CARDENAS	EMPRESA	36	S/.2,129.10	10%	S/.213.91	S/.2,343.01	S/.2,129.00	18-03-2026	S/.10.00		NULL	S/.2,129.10	17-04-2026		S/.10.00	NULL					
Feb-028-2026	02-02-2026	76188623	NUÑEZ CLAUX SEBASTIAN JESUS	Calle callao 672 / Mz LT - 16	ICA	996 300 410	VOLKSWAGEN TERA TREND 160	Azul Malibu	9BWBL6DF3TT359420	CWS196679	EN TRÁMITE	S/.39,000.00	S/.66,204.00	COMPRAVENTA	02-03-2026	02-02-2031	KARINA VENTURA	EMPRESA	60	S/.1,422.51	10%	S/.143.25	S/.1,565.76	S/.1,422.51	02-03-2026	S/.10.00		NULL	S/.1,422.51	02-04-2026		S/.10.00	NULL	S/.1,422.51	02-05-2026		S/.10.00	NULL					
Feb-029-2026	27-02-2026	42275874	OMAR OSCAR GUTIERREZ PEÑA	Mzna D Nro Casa 11 A Sin barrio C.P Nuestra señora de guadalupe	ICA	986 880 605	KIA - PICANTO LX PLUS MT 1.0	Negro	KNAB2511AVT460468	G3LASP241367	EN TRÁMITE	S/.13,500.00	S/.50,004.00	COMPRAVENTA	27-03-2026	27-02-2031	KARINA VENTURA	EMPRESA	60	S/.1,869.11	10%	S/.187.91	S/.2,057.02	S/.1,869.20	28-03-2026	S/.10.00		NULL	S/.1,869.11	30-04-2026		S/.10.00	NULL					
Feb-030-2026	04-02-2026	21819250	PACHAS MAGALLANES CESAR EDUARDO	Prolong Rosario 795	CHINCHA	940 873 801	HYUNDAI GRAND i10HB MT COMFORT GLP	Gris	MALB251AATM675828	G3LASM462979	EN TRÁMITE	S/.10,000.00	S/.48,840.00	COMPRAVENTA	04-03-2026	04-02-2028	LITMAN QUISPE	EMPRESA	24	S/.2,616.03	10%	S/.262.60	S/.2,878.63	S/.2,616.10	04-03-2026	S/.10.00		NULL	S/.2,616.01	04-04-2026		POR PAGAR S/.10.00	NULL	S/.2,616.10	04-05-2026		POR PAGAR S/.10.00	NULL					
Feb-031-2026	04-02-2026	43642628	INES PERALTA CARHUAPOMA	AA.HH las colinas Subtanjalla	ICA	996 300 410	BAJAJ AUTORIKSHA 2T LPG DUAL	Rojo	MD2A49AX0TWD60098	24XWSC25531	EN TRÁMITE	S/.3,000.00	S/.14,090.00	COMPRAVENTA	04-03-2026	04-02-2028	KARINA VENTURA	EMPRESA	24	S/.805.28	10%	S/.81.53	S/.886.81	S/.815.28	05-03-2026	ESTA INCLUIDO EN EL PAGO		NULL	S/.815.28	07-04-2026		ESTA INCLUIDO EN EL PAGO	NULL	S/.815.28	07-04 S/.769.44 06-05 S/.45.84		ESTA INCLUIDO EN EL PAGO	NULL	S/.805.28	06-05-2026		S/.10.00	NULL					
Feb-032-2026	03-02-2026	47977662	KASSANDRA MASSIEL PEREZ MENDOZA	Calle los ficus N° 148 Manza R-33	ICA	955 341 525	BAJAJ AUTORIKSHA 2T LPG DUAL	Negro	MD2A49AX4SWM10254	24XWSM24326	EN TRÁMITE	S/.3,000.00	S/.16,500.00	COMPRAVENTA	03-03-2026	03-02-2027	KARINA VENTURA	EMPRESA	12	S/.1,524.88	10%	S/.153.49	S/.1,678.37	S/.1,524.90	05-03-2026	S/.10.00		NULL	S/.1,100.00	05-04-2026	POR PAGAR S/.153.49	POR PAGAR S/.10.00	S/.424.88					
Feb-033-2026	03-02-2026	40354615	QUISPE ROJAS LUIS ALBERTO	Urbanizacion Santa Mz.F Lote 02 B	PISCO	924 940 530	GEELY COOLRAY EXCLUSIVE MT./GLP	Plata	LB3SX2042TX800268	BHE15AFDS1GA0837055	Y2K-698	S/.20,000.00	S/.65,083.00	COMPRAVENTA	03-03-2026	03-02-2029	FABIOLA CARDENAS	EMPRESA	36	S/.3,637.34	10%	S/.364.73	S/.4,002.07	S/.3,637.34	04-03-2026	S/.10.00		NULL	S/.3,637.34	29-04-2026	S/.363.74	S/.10.00	NULL					
Feb-034-2026	09-02-2026	74708310	ANTONY HUMBERTO SEBASTIAN CABREBRA	Leon de Vivero Mz M LT02- Pueblo Nuevo	CHINCHA	997 014 179	BAJAJ RE AUTORIKSHA TORITO 4T	Verde	MD2A45AX1TWG00414	AZXWSG71539	EN TRÁMITE	S/.3,000.00	S/.21,444.00	COMPRAVENTA	09-03-2026	09-02-2028	MARTHA CORDOVA	EMPRESA	24	S/.1,339.28	10%	S/.134.93	S/.1,474.21	S/.1,339.28	09-03-2026	POR PAGAR S/.10.00		NULL	S/.1,339.28	09-04-2026		POR PAGAR S/.10.00	NULL					
Feb-035-2060	13-02-2026	44933545	SIHUAS SARAVIA ENRIQUE JAVIER	Av. Centenario Pasaje Portuguez N°400 INT.04	CHINCHA	981 389 176	BAJAJ RE AUTORIKSHA TORITO 4T GLP	Rojo	MD2A45AX9TWG00208	AZXWSG67452	EN TRÁMITE	S/.3,000.00	S/.21,444.00	COMPRAVENTA	13-03-2026	13-02-2028	FABIOLA CARDENAS	EMPRESA	24	S/.1,339.28	10%	S/.134.93	S/.1,474.21	S/.1,339.00	16-03-2026	POR PAGAR S/.10.00		NULL	S/.1,339.00	15-04-2026		POR PAGAR S/.10.00	NULL					
Feb-036-2061	02-02-2026	47043652	VALENZUELA HERNANDES PEDRO MARTIN	Fundo Santa rita MZ B lote 12	PISCO	941 692 274	TVS DELUXE KING LS FULL 4T/GLP	Azul	MD6M14LA3T4AA7197	AK4AT4XB9061	EN TRÁMITE	S/.4,000.00	S/.19,600.00	COMPRAVENTA	02-03-2026	02-08-2027	FABIOLA CARDENAS	EMPRESA	18	S/.1,336.62	10%	S/.134.66	S/.1,471.28	S/.1,336.62	02-03-2026	POR PAGAR S/.10.00		NULL	S/.1,336.62	01-04-2026		POR PAGAR S/.10.00	NULL					
Feb-037-2062	03-02-2026	21541058	VEGA AVALOS LELYS ROSARIO	Urb las palmeras MZNA Puerta 13	ICA	946 302 366	HYUNDAI GRAND i10 10.0 MT	Rojo	MALB251AATM678008	G3LASM469544	EN TRÁMITE	S/.10,000.00	S/.47,520.00	COMPRAVENTA	03-03-2026	03-08-2027	KARINA VENTURA	EMPRESA	18	S/.2,217.00	10%	S/.222.70	S/.2,439.70	S/.2,217.00	03-03-2026	POR PAGAR S/.10.00		NULL	S/.2,000.00	08-04-2026	POR PAGAR S/.222.70	POR PAGAR S/.10.00	S/.217					
Feb-038-2063	20-02-2026	40257923	YLLESCAS CORDOVA MARION YANET	Urb los medanos Mzna Q puerta 29	ICA	915 173 600	BAJAJ AUTORIKSHA 2T LPG	Verde	MD2A49AX4SWM10321	24XWSM24439	EN TRÁMITE	S/.3,000.00	S/.9,600.00	COMPRAVENTA	20-03-2026	20-02-2027	KARINA VENTURA	EMPRESA	12	S/.745.49	10%	S/.75.55	S/.821.04	S/.746.50	19-03-2026	S/.10.00		NULL	S/.745.50	20-04-2026		POR PAGAR S/.10.00	NULL					
Mar-001-2064	05-03-2026	46007948	CLOTILDE SILVIA PARIONA MENDOZA	P.V. Fenomeno del niño Mzna R-puerta 05	ICA	992 803 906	BAJAJ AUTORIKSHA 2T LPG	Azul	MD2A49AX1TWH60042	24XWSG27188	EN TRÁMITE	S/.3,000.00	S/.14,090.00	COMPRAVENTA	05-04-2026	05-03-2027	KARINA VENTURA	EMPRESA	12	S/.1,252.66	10%	S/.126.27	S/.1,378.93	S/.1,252.70	06-04-2026	S/.10.00		Mes:ABRIL | Nº:UNO	S/.1,252.66	05-06-2026	-	S/.10.00	Mes:MAYO | Nº:DOS					
Mar-001-2065	16-03-2026	71700791	ACUÑA VENANCIO ENRIQUE AARON	Simon Bolivar #518	CHINCHA	989 759 557	BAJAJ AUTORIKSHA 4T GLPT	Rojo	MD2A45AX0TWJ00189	AZXWSJ82060	EN TRÁMITE	S/.3,000.00	S/.21,444.00	COMPRAVENTA	16-04-2026	16-03-2028	Carolina Infante	EMPRESA	24	S/.1,339.28	10%	S/.134.93	S/.1,474.21	S/.1,339.28	17-04-2026			NULL					
Mar-001-2066	12-03-2026	44210032	ALVAREZ RAVELLO EDUARDO ROSARIO	Urb San Joaquin 1TA Etapa E-34	ICA	929 194 761	BAJAJ AUTORIKSHA 2T LPG	verde	MD2A49AX7TWG60009	24XWSF26818	EN TRÁMITE	S/.3,000.00	S/.14,090.00	COMPRAVENTA	12-04-2026	12-03-2028	KARINA VENTURA	EMPRESA	24	S/.805.28	10%	S/.81.53	S/.886.81					
Mar-001-2067	06-03-2026	80007545	ALVAREZ RAVELLO PEDRO CARLOS	Urb San Joaquin 1TA Etapa E-35	ICA	984 671 171	BAJAJ AUTORIKSHA 2T LPG	Verde	MD2A49AX4TWE00196	24XWSE26496	EN TRÁMITE	S/.3,000.00	S/.14,090.00	COMPRAVENTA	06-04-2026	06-03-2028	KARINA VENTURA	EMPRESA	24	S/.805.28	10%	S/.81.53	S/.886.81	S/.805.30	06-04-2026	POR PAGAR S/.10.00		NULL	S/.805.30	07-05-2026		POR PAGAR S/.10.00	NULL					
Mar-001-2068	27-03-2026	45323172	CABANA CANALES CARLOS ALBERTO	Domiciliado en la Tinguiña	ICA	984 790 214	BAJAJ AUTORIKSHA 2T LPG DUAL	Azul	MD2A49AX0TWH60100	24XWSG27111	EN TRÁMITE	S/.3,000.00	S/.14,090.00	COMPRAVENTA	27-04-2026	27-03-2027	KARINA VENTURA	EMPRESA	12	S/.1,252.66	10%	S/.126.27	S/.1,378.93	S/.1,252.66	27-04-2026	S/.10.00		NULL					
Mar-001-2069	25-03-2026	22293569	PEDRO LEANDRO CABRERA PALACIOS	Calle San Carlos Mz 11 LT 17B	PISCO	933 778 570	TVS SAN CLEMENTE	Rojo	MD6M14LA8T4AA7065	AK4AT46B8195	EN TRÁMITE	S/.10,000.00	S/.17,000.00	COMPRAVENTA	25-04-2026	25-03-2027	Carolina Infante	EMPRESA	12	S/.790.68	10%	S/.80.07	S/.870.75	S/.790.68	24-04-2026	S/.10.00		NULL					
Mar-001-2070	21-03-2026	46442231	MARIBEL CALDERON CARHUALLANQUI	AA.HH.Vista al valle Mz C LT14 Tupac Amaru Inca	PISCO	921 329 051	TVS KING LS DP DEPORTIVA	Rojo	MD6M14LA2V4AL0896	AK4AV42L2951	EN TRÁMITE	S/.3,000.00	S/.18,500.00	COMPRAVENTA	21-04-2026	21-03-2028	MARTHA CORDOVA	EMPRESA	24	S/.1,125.50	10%	S/.113.55	S/.1,239.05	S/.1,125.50	21-04-2026			NULL					
Mar-001-2071	03-03-2026	42857270	DE LA CRUZ SOTO LUIS RAUL	Calle San Jose #435	PISCO	940 646 873	HYUNDAI GRAND i10 HB - GLP	Negro	MALB251AATM699934	G3LASM529977	EN TRÁMITE	S/.10,000.00	S/.48,840.00	COMPRAVENTA	03-04-2026	03-03-2029	MARTHA CORDOVA	EMPRESA	36	S/.2,129.10	10%	S/.213.91	S/.2,343.01	S/80 nota rec veh 11/05	NULL					
Mar-001-2072	19-03-2026	43656696	EFRAIN MERINO QUISPE	Psje San cosme S/N INT 02	CHINCHA	929 762 593	HYUNDAI GRAND i10	Gris	MALB251AATM677855	G3LASM468755	EN TRÁMITE	S/.30,000.00	S/.48,840.00	COMPRAVENTA	19-04-2026	19-03-2030	LIZ MARTINEZ	EMPRESA	48	S/.928.06	10%	S/.93.81	S/.1,021.87	S/.928.06	16-04-2026			NULL					
Mar-001-2073	10-03-2026	61281932	JOSE MANUEL HUAMANI CACERES	Mzn G Nro LOTE 14 Sin Barrio AV.Miraflores	ICA	939 360 926	BAJAJ AUTORIKSHA 2T LPG DUAL	Rojo	MD2A49AX6TWD60008	24XWSD25858	EN TRÁMITE	S/.3,000.00	S/.14,090.00	COMPRAVENTA	10-04-2026	10-09-2027	ROXANA TUEROS	EMPRESA	18	S/.950.20	10%	S/.96.02	S/.1,046.22	S/.950.20	10-04-2026	S/.10.00		NULL					
Mar-001-2074	12-03-2026	46464382	JOHN JUNIORS VERGARA LAURA	Calle chosica #703	PISCO	992 667 321	TVS KING LS DELUXE PLUS	Negro	MD6M14LA1T4AA7277	AK4AT40C0273	EN TRÁMITE	S/.3,000.00	S/.17,000.00	COMPRAVENTA	12-04-2026	12-03-2028	MARTHA CORDOVA	EMPRESA	24	S/.1,016.58	10%	S/.102.66	S/.1,119.24	S/.1,016.58	08-04-2026	POR PAGAR LOS S/.10.00	-	NULL	S/.1,016.58	08-05-2026	-	POR PAGAR LOS S/.10.00	NULL					
Mar-001-2075	09-03-2026	70608874	LAVADO TORRES GIANCARLOS	Upis San benito / Las vegas B - 01	CHINCHA	996 842 914	BAJAJ AUTORIKSHA 4T	Rojo	MD2A45AX5TWH00242	AZXWSH30127	EN TRÁMITE	S/.3,000.00	S/.21,444.00	COMPRAVENTA	09-04-2026	09-09-2027	MARTHA CORDOVA	EMPRESA	18	S/.1,580.30	10%	S/.159.03	S/.1,739.33	S/.1,580.30	09-04-2026	-	-	NULL					
Mar-001-2076	26-03-2026	74966807	ANTHONY RENSO LEON ÑAUPAS	Pj Andres Avelino Caceres Mzna A Puerta N° 15	ICA	985 794 811	BAJAJ AUTORIKSHA 2T LPG	Azul	MD2A49AX7TWH60045	24XWSG27143	EN TRÁMITE	S/.3,000.00	S/.14,090.00	COMPRAVENTA	26-04-2026	26-09-2027	KARINA VENTURA	EMPRESA	18	S/.950.20	10%	S/.96.02	S/.1,046.22	S/.950.20	29-04-2026	S/.10.00	-	NULL					
Mar-001-2077	07-03-2026	43107473	CLAUDIANO LOPEZ SAUÑE	Asoc . Alto Peru Mz F1 LT 02	AYACUCHO	939 405 961	BAJAJ AUTORIKSHA 4T R	Rojo	MD2A25AX0TWD00286	AZXWSD82041	7845-AY	-	S/.16,700.00	COMPRAVENTA	07-04-2026	07-06-2028	ALEXANDER LOPEZ	EMPRESA	27	S/.1,182.11	10%	S/.118.21	S/.1,300.32	S/.1,183.00	01-04-2026	Esta dentro de la mensualidad	-	NULL	S/.1,183.00	07-05-2026	-	Esta dentro de la mensualidad	NULL					
Mar-001-2078	05-03-2026	70346526	MARLON IVAN LOPEZ VALENCIA	Asociacion los espinos av.Jose Chavez Puerta 21 ICA	ICA	947 807 675	BAJAJ AUTORIKSHA 2T LPG	Azul	MD2A49AXXTWH60010	24XWSG27243	EN TRÁMITE	S/.3,000.00	S/.14,090.00	COMPRAVENTA	05-04-2026	05-03-2027	KARINA VENTURA	EMPRESA	12	S/.1,252.66	10%	S/.126.27	S/.1,378.93					
Mar-001-2079	14-03-2026	47382736	MEDRANO HUAYTA WILLIAM FERNANDO	CP.Hoja redonda 54 - El carmen	CHINCHA	922 875 521	DONGFENG SX6 PRO	Gris	LMXA14AAJ4RZ353263	DFMB18TQA1P015210	EN TRÁMITE	S/.12,000.00	S/.48,100.00	COMPRAVENTA	14-04-2026	14-03-2028	LITMAN QUISPE	EMPRESA	24	S/.2,431.48	10%	S/.244.15	S/.2,675.63					
Mar-001-2080	06-03-2026	40250624	MORON RIOS JAN CARLOS	Urb San joaquin rios jan carlo	ICA	969 056 006	BAJAJ AUTORIKSHA 2T LPG	Negro	MD2A49AX5TWG60025	24XWSG26982	EN TRÁMITE	S/.3,000.00	S/.14,090.00	COMPRAVENTA	06-04-2026	06-09-2027	KARINA VENTURA	EMPRESA	18	S/.950.20	10%	S/.96.02	S/.1,046.22	S/.950.20	11-05-2026	S/.10.00	-	NULL					
Mar-001-2081	02-03-2026	41886432	NAPA MENESES MARITZA ISABEL	Av . Alva Maurtua N°150	CHINCHA	902 746 205	B52 NITROX T3 250	Gris - Amarillo	3MUBRGBD8R1218287	169FMM2RA029267	EN TRÁMITE	S/.2,250.00	S/.7,500.00	COMPRAVENTA	02-04-2026	02-03-2027	FABIOLA CARDENAS	EMPRESA	12	S/.593.01	10%	S/.60.30	S/.653.31	S/.593.10	01-04-2026	S/.10.00	-	NULL	S/.593.10	28-04-2026	-	S/.10.00	NULL					
Mar-001-2082	30-03-2026	10050796	MARY NINAHUANCA RODRIGUEZ	Jr jose olaya 106 Barrio conchopata	AYACUCHO	970 156 732	HYUNDAI GRAND i10 HB COMFORT / GLP	Plata	MALB251AATM699941	G3LASM529996	EN TRÁMITE	S/.13,500.00	S/.48,840.00	COMPRAVENTA	30-04-2026	30-06-2028	ALEXANDER LOPEZ	EMPRESA	27	S/.1,640.09	10%	S/.165.01	S/.1,805.10	S/.1,640.09	28-04-2026	Esta dentro de la mensualidad	-	NULL					
Mar-001-2083	07-03-2026	71655657	WILMER SERGIO QUISPE GARAMENDI	Av 9 de diciembre S/N distrito QUINUA - HUAMANGA	AYACUCHO	973 282 573	KIA SOLUTO 1.4MT - LX FULL GLP	Negro	LJD0AA29AT0371698	G4LCS1070073	EN TRÁMITE	S/.24,000.00	S/.57,720.00	COMPRAVENTA	07-04-2026	07-02-2028	ALEXANDER LOPEZ	EMPRESA	23	S/.1,574.91	10%	S/.158.49	S/.1,733.40	S/.1,564.91	01-04-2026	S/.10.00	-	NULL	S/.1,564.91	06-05-2026	-	S/.10.00	NULL					
Mar-001-2084	31-03-2026	78548230	QUISPE TASAYCO NADIA ALEXZANDRA	AA.HH Los pollitos Mza C puerta 20	ICA	902 151 716	BAJAJ AUTORIKSHA 2T LPG	Azul	MD2A49AX1TWH60025	24XWSG27125	EN TRÁMITE	S/.7,000.00	S/.14,150.00	COMPRAVENTA	30-04-2026	31-03-2027	EDUARDO ALVAREZ	EMPRESA	12	S/.807.62	10%	S/.81.76	S/.889.38	S/.808.00	07-05-2026	POR PAGAR LOS S/.10.00	81.76	NULL					
Mar-001-2085	31-03-2026	45896831	ROMAN CANELO JOSE ENRIQUE	Prolongacion Callao N°512	CHINCHA	935 562 486	HYUNDAI GRAND i10	Azul	MALB251AATM699955	G3LASM529984	EN TRÁMITE	S/.10,000.00	S/.48,840.00	COMPRAVENTA	30-04-2026	31-03-2029	LIZ MARTINEZ	EMPRESA	36	S/.2,129.10	10%	S/.213.91	S/.2,343.01	S/.2,129.10	01-05-2026	S/.10.00	-	NULL					
Mar-001-2086	14-03-2026	43859734	SALDAÑA CARMONA JORGE LUIS	AA.HH Señor de los milagros Mz K1 LT 06	CHINCHA	944 506 540	TVS KING LS DELUXE PLUS	Negro	MD6M14LA5T4AA7105	AK4AT47B8295	EN TRÁMITE	S/.3,000.00	S/.17,000.00	COMPRAVENTA	14-04-2026	14-11-2026	MARTHA CORDOVA	EMPRESA	8	S/.2,167.87	10%	S/.217.79	S/.2,385.66	S/.2,167.90	13-04-2026	S/.10.00	-	NULL	S/.2,167.90	24-04-2026	-	S/.10.00	NULL					
Mar-001-2087	06-03-2026	72842553	SANCHEZ TORRES BRAYAN SMITH	Av liguria N.416 - Grocio Prado	CHINCHA	912 909 232	BAJAJ PULSAR 200 NS FI ABS	Rojo - Gris	MD2A36FX4TCH00705	JLXCSH9989	EN TRÁMITE	S/.3,600.00	S/.13,300.00	COMPRAVENTA	06-04-2026	06-09-2027	LITMAN QUISPE	EMPRESA	18	S/.831.11	10%	S/.84.11	S/.915.22	S/.831.11	08-04-2026	POR PAGAR LOS S/.10.00	-	NULL					
Mar-001-2088	16-03-2026	44397993	SANDRA MUNAYCO TORRES	AA.HH Jose Carlos Mariategui Mz 1 LT 2 - Pueblo Nuevo	CHINCHA	908 632 797	BAJAJ RE AUTORIKSHA TORITO 4T GLP	Rojo - Blanco	MD2A45AX2TWH00215	AZXWSH30040	EN TRÁMITE	S/.3,000.00	S/.21,444.00	COMPRAVENTA	16-04-2026	16-03-2028	LIZ MARTINEZ	EMPRESA	24	S/.1,339.28	10%	S/.134.93	S/.1,474.21	S/.1,339.28	10-04-2026	-	-	NULL					
Mar-001-2089	23-03-2026	73455549	SOLANO PELAEZ JUAN CARLOS	Psje Santa , Puerta 15- Chincha	CHINCHA	916 348 732	HYUNDAI GRAND i10	Blanco	MALB251AATM681275	G3LASM479579	EN TRÁMITE	S/.10,000.00	S/.47,520.00	COMPRAVENTA	23-04-2026	23-03-2030	KARINA VENTURA	EMPRESA	48	S/.1,999.25	10%	S/.200.93	S/.2,200.18	S/.2,000.00	24-04-2026	-	-	NULL					
Mar-001-2090	27-03-2026	40015924	SOTO GUTIERREZ DE GRANDEZ LEYDA ANA	AA .HH Los libres Mz.DLT.2 - San vicente cañete	CAÑETE	974 542 158	TVS KING LS DEPORTIVA BASICA	Azul	MD6M14LA5V4AL1055	AK4AV42L3142	EN TRÁMITE	S/.3,000.00	S/.17,600.00	COMPRAVENTA	27-04-2026	27-03-2028	LITMAN QUISPE	EMPRESA	24	S/.1,060.15	10%	S/.107.02	S/.1,167.17					
Mar-001-2091	14-03-2026	21884675	TEODORO SANDRO JORGES ODRIA	Av Grocio Prado 1210 - Pueblo Nuevo	CHINCHA	987 470 209	BAJAJ RE AUTORIKSHA TORITO 4T	Azul	MD2A45AX9TWJ00093	AZXWSJ81948	EN TRÁMITE	S/.3,000.00	S/.21,444.00	COMPRAVENTA	14-04-2026	14-03-2028	MARTHA CORDOVA	EMPRESA	24	S/.1,339.28	10%	S/.134.93	S/.1,474.21	S/.1,339.28	15-04-2026	S/.10.00	-	NULL					
Mar-001-2092	26-03-2026	44607604	TORRES AROTINCO SERAPIO	Pv Carlos ramos loaysa , Ica	ICA	950 551 110	HYUNDAI GRAND i10	Plata	MALB251AATM699946	G3LASM529966	Y2M-452	S/.10,000.00	S/.47,520.00	COMPRAVENTA	26-04-2026	26-04-2029	KARINA VENTURA	EMPRESA	37	S/.1,901.35	10%	S/.191.14	S/.2,092.49	S/.1,901.35	28-04-2026	Esta dentro de la mensualidad	-	NULL					
Mar-001-2093	03-03-2026	40479347	MARITZA ISABEL TORRES SARAVIA	AA.HH Keiko Sofia Fujimori Mz Q LT15- Pueblo Nuevo	CHINCHA	936 862 063	BAJAJ RE AUTORIKSHA TORITO 4T	Azul	MD2A45AX2TWJ00078	AZXWSH97146	EN TRÁMITE	S/.3,000.00	S/.21,444.00	COMPRAVENTA	03-04-2026	03-09-2027	MARTHA CORDOVA	EMPRESA	18	S/.1,580.30	10%	S/.159.03	S/.1,739.33	S/.1,580.30	01-04-2026	S/.10.00	-	NULL					
Mar-001-2094	12-03-2026	77416004	VALDEZ VELLANTOY JOSELITO JOSE	Calle san jose Mz.26 LT 11 - BERNALES	PISCO	906 515 307	HONDA CB 190R	Rojo	ME4MC5690TA010210	MC56E5015973	EN TRÁMITE	S/.3,360.00	S/.11,200.00	COMPRAVENTA	12-04-2026	12-09-2027	LITMAN QUISPE	EMPRESA	18	S/.671.74	10%	S/.68.17	S/.739.91	S/.671.74	09-04-2026	Esta dentro de la mensualidad		NULL					
Mar-001-2095	06-03-2026	62691985	EDWIN VASQUEZ MEDINA	Andres Avelino Caceres Mz Lote 07 PARCONA	ICA	961 100 762	BAJAJ AUTORIKSHA 2T LPG	Azul	MD2A49AX0TWE00020	24XWSE26296	EN TRÁMITE	S/.3,000.00	S/.14,090.00	COMPRAVENTA	06-04-2026	06-03-2027	KARINA VENTURA	EMPRESA	12	S/.1,252.66	10%	S/.126.27	S/.1,378.93	S/.1,252.60	07-04-2026	S/.10.00	-	NULL	S/.1,252.60	08-05-2026	-	S/.10.00	NULL					
Mar-001-2096	14-03-2026	44574224	YAURICASA CHUCHON MARIA LUZ	AH Unidos por Dios Mz D LT 7° San Clemente	PISCO	914 037 374	HYUNDAI GRAND i10	Azul	MALB251AATM699958	G3LASM529985	EN TRÁMITE	S/.10,000.00	S/.48,840.00	COMPRAVENTA	14-04-2026	14-03-2028	LIZ MARTINEZ	EMPRESA	24	S/.2,616.03	10%	S/.262.60	S/.2,878.63	S/.2,616.13	14-04-2026	Esta dentro de la mensualidad	-	NULL	S/.9.97	14-04-2026	-	Esta dentro de la mensualidad	S/.2,606.06					
Abr-001-2097	16-04-2026	76034429	ALMEYDA MEJIA FRANCO MARCELO	Av. San ignacio N°01 CP Huaca Grande	CHINCHA	934 851 199	TVS DELUXE KING LS FULL 4T/GLP	Rojo	MD6M14LAXV4AL0872	AK4AV46L2925	EN TRÁMITE	S/.3,000.00	S/.17,500.00	COMPRAVENTA	16-05-2026	16-04-2028	FABIOLA CARDENAS	EMPRESA	24	S/.1,052.89	10%	S/.106.29	S/.1,159.18					
Abr-001-2098	04-04-2026	41674615	APARCANA HERNANDEZ JESUS MOISES	Mzn Puerta 15 CP Nuestra señora de guadalupe salas	ICA	903351240	WANXIN WX 330 - 8M	Rojo	LW8HDNZ11SW002433	WX172MN2S149034	EN TRÁMITE	S/.3,870.00	S/.12,900.00	COMPRAVENTA	04-05-2026	04-04-2028	KARINA VENTURA	EMPRESA	24	S/.655.70	10%	S/.66.57	S/.722.27	S/.655.70	08-05-2026	Por pagar los S/.10.00	S/.65.57	NULL					
Abr-001-2099	15-04-2026	44659220	JHONATAN AYMITUMA BARRIOS	BQ. La paz vista alegre Mz 0 Lt 02	AYACUCHO	962 392 924	KIA SOLUTO 1.4MT FULL	Rojo Vivido	LJDOAA29AV0378164	G4LCS1079699	EN TRÁMITE	S/.15,000.00	S/.57,720.00	COMPRAVENTA	15-05-2026	15-07-2028	ALEXANDER LOPEZ	EMPRESA	27	S/.1,992.59	10%	S/.200.26	S/.2,192.85					
Abr-001-2100	17-04-2026	76230203	ANGELES IBETH CHACALIAZA MARTINEZ	Calle simon bolivar #1304 Pisco	PISCO	947 225 696	TVS KING LS DP	Azul	MD6M14LA2V4AL1157	AK4AV45L3208	EN TRÁMITE	S/.3,000.00	S/.17,000.00	COMPRAVENTA	17-05-2026	17-10-2027	MARTHA CORDOVA	EMPRESA	18	S/.1,199.53	10%	S/.120.95	S/.1,320.48					
Abr-001-2101	01-04-2026	46455388	CHAVEZ TANTACHUCO LILIBET KATHERINE	Av.andres avelino caceres 252 cruz verde - tambo de mora	CHINCHA	981 836 137	HYUNDAI GRAND i10 HB MT COMFORT GLP	Plata	MALB251AATM699945	G3LASM529973	EN TRÁMITE	S/.10,000.00	S/.48,840.00	COMPRAVENTA	28-04-2026	28-03-2029	LITMAN QUISPE	EMPRESA	36	S/.2,129.10	10%	S/.213.91	S/.2,343.01					
Abr-001-2102	14-04-2026	45898586	FLORES VELARDE JHOEL JEFERSON	Avda mantaro Nro Puerta 178 Cercado la tinguiña	ICA	953 504 056	BAJAJ AUTORIKSHA 2T LPG DUAL	Azul	MD2A49AX2TWK70089	24XWTK28277	EN TRÁMITE	S/.3,000.00	S/.14,150.00	COMPRAVENTA	14-05-2026	14-04-2028	KARINA VENTURA	EMPRESA	24	S/.809.64	10%	S/.81.96	S/.891.60					
Abr-001-2103	11-04-2026	45417942	JUNCHAYA MOREL CINTHIA JHANNET	Asent . H. Nueva jerusalen Mz. F LT01 San Andres	PISCO	936 627 126	TVS KING LS 4T	Azul	MD6M14LA6V4AL1162	AK4AV4XL3245	EN TRÁMITE	S/.3,000.00	S/.17,000.00	COMPRAVENTA	09-06-2026	09-04-2028	LITMAN QUISPE	EMPRESA	24	S/.1,016.58	10%	S/.102.66	S/.1,119.24					
Abr-001-2104	07-04-2026	21524080	GLADYS YOLANDA MENDOZA FLORES	Calle Lima N° 929 ICA	ICA	943 024 976	BAJAJ AUTORIKSHA 2T LPGR	Rojo	MD2A49AX3TWH60169	24XWSH27417	EN TRÁMITE	S/.3,000.00	S/.14,090.00	COMPRAVENTA	07-05-2026	07-10-2027	KARINA VENTURA	EMPRESA	18	S/.950.20	10%	S/.96.02	S/.1,046.22					
Abr-001-2105	08-04-2026	28450422	MODESTO SUAREZ CARDENAS	Jr san martin S/N Sacsamarca Vilcas Huaman	AYACUCHO	935 507 430	JAC HFC 1030 KN - D300 BARANDA	Blanco	LJ11KDAD6V1700528	S4403980	EN TRÁMITE	S/.23,200.00	S/.79,550.00	COMPRAVENTA	09-05-2026	12-05-2031	ALEXANDER LOPEZ	EMPRESA	60	S/.2,625.15	10%	S/.263.52	S/.2,888.67	S/.2,625.15	12-05-2026	Esta incluido dentro	Maiza no le cobro	NULL					
Abr-001-2106	07-04-2026	77329821	PEVES QUISPE ROSARIO DEL PILAR	AA.HH Virgen de chapi Mzn A Lt 27 Ica	ICA	984 597 877	BAJAJ AUTORIKSHA 2T LPG	Azul	MD2A49AX0TWH60047	24XWSG14150	EN TRÁMITE	S/.3,000.00	S/.14,150.00	COMPRAVENTA	07-05-2026	07-10-2027	KARINA VENTURA	EMPRESA	18	S/.955.34	10%	S/.96.53	S/.1,051.87					
Abr-001-2107	16-04-2026	45602666	PABLO ANJELO SALAZAR SOTO	Urb los viñedos Mz J1 LT 18 - Grocio Prado	CHINCHA	946 066 495	TVS KING LS +DP IT -GLPT	Rojo	MD6M14LA5T4AA7153	AK4AT47B8992	EN TRÁMITE	S/.3,000.00	S/.17,500.00	COMPRAVENTA	16-05-2026	16-10-2027	Carolina Infante	EMPRESA	18	S/.1,242.38	10%	S/.125.24	S/.1,367.62					
Abr-001-2108	14-04-2026	47621471	SANTARIA SUAREZ MIRIAM FANNY	Mzn E Nro Puerta 07 Sector Mirador Ica	ICA	974 622 092	BAJAJ AUTORIKSHA 2T LPG DUAL	Rojo	MD2A49AX2TWK70187	24XWTK28256	EN TRÁMITE	S/.3,000.00	S/.14,150.00	COMPRAVENTA	14-05-2026	14-04-2028	KARINA VENTURA	EMPRESA	24	S/.809.64	10%	S/.81.96	S/.891.60					
Abr-001-2109	08-04-2026	70610841	ANTHONY YAMPIER SARANGO CRUZ	Prol. Andres Razuri Nro Lote 02 sexta cuadra sin barrio	CHINCHA	934 570 201	JCH ARIZONA	Gris Negro	R66SYN116S2011647	166FMM126135C5	EN TRÁMITE	S/.2,130.00	S/.7,100.00	COMPRAVENTA	06-05-2026	06-10-2027	Carolina Infante	EMPRESA	18	S/.425.83	10%	S/.43.58	S/.469.41					
Abr-001-2110	30-04-2026	70358249	JUNIOR RAUL SARAVIA CASTILLA	Calle Nueva esperanza N°102	CHINCHA	970 609 821	BAJAJ RE AUTORIKSHA TORITO 4T GLP	Rojo	MD2A45AX4TWJ02124	AZXWSJ31819	EN TRÁMITE	S/.5,000.00	S/.21,744.00	COMPRAVENTA	31-05-2026	31-10-2027	LIZ MARTINEZ	EMPRESA	18	S/.1,434.64	10%	S/.144.46	S/.1,579.10					
Abr-001-2111	20-04-2026	70766934	SEMINARIO PIMENTEL SARAVIA MARIA LUISA	Callao Puerta N°999 Pisco	PISCO	916 597 709	BAJAJ AUTORIKSHA 2T LPG	Rojo	MD2A49AX2TWK70187	24XWTK28256	EN TRÁMITE	S/.3,000.00	S/.14,090.00	COMPRAVENTA	13-05-2026	13-04-2028	EDUARDO ALVAREZ	EMPRESA	24	S/.805.28	10%	S/.81.53	S/.886.81					
Abr-001-2112	25-04-2026	70605568	MIGUEL ANGEL SOTELO CASTILLA	Barrio el tigre / Psje de la cruz ( Por cancha deportiva )	CHINCHA	906 037 094	HAOJUE KA150	Negro	LC6PCKBE3V0001009	157FMJY1N06937	EN TRÁMITE	S/.1,860.00	S/.62,000.00	COMPRAVENTA	25-05-2026	25-10-2027	Carolina Infante	EMPRESA	18	S/.371.86	10%	S/.38.19	S/.410.05					
Abr-001-2113	23-04-2026	21868187	SOTELO LUNA JOVANA MARLENE	Av luis alva maurtua #514 Ica	CHINCHA	946 091 022	BAJAJ RE AUTORIKSHA TORITO 4T	Rojo	MD2A45AX5TWJ02195	AZXWSJ30598	EN TRÁMITE	S/.3,000.00	S/.21,444.00	COMPRAVENTA	23-05-2026	23-04-2028	MARTHA CORDOVA	EMPRESA	24	S/.1,339.28	10%	S/.134.93	S/.1,474.21	S/.1,339.00	15-04-2026	Por pagar los S/.10.00		NULL					
Abr-001-2114	24-04-2026	20534903104	TOROBAMBA REPRESENTACIONES PERU E.I.R.L	Mza.P Lote 5 C.P ninabamba ( costado del puente ninabamba )	AYACUCHO	935 182 961	SHACMAN X5000 17M3 6X4	Azul	LZGJL4Z44TX012987	M13E552071159865	EN TRÁMITE	S/.169,200.00	S/.338,400.00	COMPRAVENTA	24-05-2026	24-10-2027	ALEXANDER LOPEZ	EMPRESA	18	S/.13,661.22	10%	S/.1,367.12	S/.15,028.34					
Abr-001-2115	09-04-2026	21481073	ANTONIA MARLENE TORRES GASTELU	Mzna A1 Nro .Puerta 4A cercado pachacutec Ica	ICA	931 235 165	BAJAJ AUTORIKSHA 2T LPG DUAL	Rojo	MD2A49AX3TWH60138	24XWSH27446	EN TRÁMITE	S/.3,000.00	S/.14,150.00	COMPRAVENTA	09-05-2026	09-10-2027	KARINA VENTURA	EMPRESA	18	S/.955.34	10%	S/.96.53	S/.1,051.87					
Abr-001-2116	29-04-2026	43059401	YULIANA ISABEL UCHUYA MUÑANTE	ASC.JUVENTUD VILLA RICA MZNA D. LOTE 08 - PISCO-ICA	PISCO	949 517 891	BAJAJ AUTORIKSHA 4T LPGR FIBRA	Rojo	MD2B19AX7TWK70098	AZXWTK53404	EN TRÁMITE	S/.3,000.00	S/.21,500.00	COMPRAVENTA	29-05-2026	29-10-2027	LORENA PEREZ	EMPRESA	18	S/.1,585.10	10%	S/.159.51	S/.1,744.61					
Abr-001-2117	25-04-2026	48568921	VENTURA LAURA ZAIDA GERALDINE	Calle 14 de setiembre Mz.H2 Lote 07 San clemente	PISCO	953 060 198	BAJAJ AUTORIKSHA 4T LPG R	Negro	MD2A45AX2TWK10239	AZXWTK43833	EN TRÁMITE	S/.3,000.00	S/.21,444.00	COMPRAVENTA	25-05-2026	25-04-2028	LITMAN QUISPE	EMPRESA	24	S/.1,339.28	10%	S/.134.93	S/.1,474.21					
Abr-001-2118	15-04-2026	42014584	YALLICO HUARANCA REMINE ABRAHAM	A.H Vivienda digna Mzna x2 Lote 11	ICA	904 126 081	BAJAJ AUTORIKSHA 2T LPGR	Azul	MD2A49AX4TWK70109	24XWTK28295	EN TRÁMITE	S/.3,000.00	S/.14,150.00	COMPRAVENTA	15-05-2026	15-04-2028	KARINA VENTURA	EMPRESA	24	S/.809.64	10%	S/.81.96	S/.891.60	S/.809.64	14-05-2026			NULL					
May-001-2119	05-05-2026	21421404	HUAMAN TUCTA ZENON	Urb .la palma granda Mzna Puerta N°07 Ica	ICA	956 855 690	BAJAJ AUTORIKSHA 2T LONA GASOLINA	Rojo	MD2A47AX3RWD80021	24XWD17114	EN TRÁMITE	S/.1,500.00	S/.9,600.00	COMPRAVENTA	05-06-2026	05-05-2027	KARINA VENTURA	EMPRESA	12	S/.914.93	10%	S/.92.49	S/.1,007.42					
May-001-2120	02-05-2026	21881478	JUAN CARLOS SEBASTIAN CARBAJAL	Mina de oro Psje San Martin #397	CHINCHA	926 766 083	BAJAJ PULSAR 200 NS UG	Negro - Rojo	MD2A36FX3SCG05275	JLXCRG73629	EN TRÁMITE	S/.3,960.00	S/.13,200.00	COMPRAVENTA	02-06-2026	02-11-2027	MARTHA CORDOVA	EMPRESA	18	S/.791.69	10%	S/.80.17	S/.871.86					
May-001-2121	05-05-2026	42887125	TIPICIANO BIZARRA JORGE LUIS	Upis las margaritas Mz A LT16 San luis - cañete	CHINCHA	980 552 255	HYUNDAI GRAND i10 HB MT COMFORT GLP	Plata	MALB251AATM699944	G3LASM529979	EN TRÁMITE	S/.10,000.00	S/.48,840.00	COMPRAVENTA	05-06-2026	05-05-2029	LITMAN QUISPE	EMPRESA	36	S/.2,129.10	10%	S/.213.91	S/.2,343.01					
